{
    "rmse": 1024.068574644306,
    "mae": 715.7332956589975,
    "r2": 0.6141545271396447
}