{
    "rmse": 1024.3496782201776,
    "mae": 715.3684127730883,
    "r2": 0.6139426713496074
}